126,-3.83,16.03,-4,0,-16.03,0,
126,-3.48,3.76,-1,0,-3.76,0,
126,-5.22,-6.8,2,0,6.8,0,
126,-5.77,-20.13,6,0,20.13,0,
126,-5.39,16.39,-4,0,-16.39,0,
126,-4.03,11.51,-3,0,-11.51,0,
126,-2.21,9.22,-2,0,-9.22,0,
126,-4.07,-20.57,6,0,20.57,-0.12,
126,-4.5,-16.15,4,0,16.15,0,
126,-2.68,23.33,-6,0,-23.33,0,
126,-4.32,5.45,-1,0,-5.45,0,
126,-2.77,8.89,-2,0,-8.89,0,
126,-1.29,37.97,-11,0,-37.97,,
126,2.55,0.36,0,0,-0.36,0,
126,6.43,37.17,-11,0,-37.17,0,
126,7.02,30.28,-9,0,-30.28,0,
126,6.38,-9.09,2,0,9.09, ovf,
126,7.05,-50.65,15,0,50.65,0,
126,0.5,-79.92,23,0,79.92,0,
126,-1.62,-30.06,9,0,30.06,0,
126,-4.04,13.32,-3,0,-13.32,0,
126,-2,3.85,-1,-0.47,-4.32,0,
126,-5.56,-24.41,7,0,24.41,0,
126,-10.71,-39.98,11,0,39.98,0,
126,-20.01,-113.69,34,0,113.69,0,
126,-18.65,10.64,-3,0,-10.64,0,
126,-19.96,-15.85,4,0,15.85,0,
126,-15.5,39.04,-11,0,-39.04,0,
126,-15.55,17.37,-5,0,-17.37,0,
126,-13.41,43.17,-12,0,-43.17,0,
126,-10.42,2.99,0,0,-2.99, ovf,
126,-7.7,39.75,-11,0,-39.75,0,
126,-4.23,26.67,-8,0,-26.67,0,
126,-1.97,38.07,-11,0,-38.07,0,
126,-1.88,9.01,-2,0,-9.01,0,
126,-0.22,-4.22,1,-0.47,3.75,0,
126,1.88,3.68,-1,-0.47,-4.15,0,
126,1.99,10.54,-3,-0.47,-11.01, ovf,
126,0.55,-2.66,-17,-60.24,-57.57,0,
126,0.42,-22.19,-11,-60.24,-38.05,0,
126,-0.21,4.2,-19,-60.24,-64.43,0,
126,-8.5,1.56,-18,-60.24,-61.8, ovf,
126,-6.66,-2.18,-17,-60.24,-58.05,0,
126,-6.47,-27.23,-9,-60.24,-33,0,
126,-7.12,-24.71,-10,-60.24,-35.53,0,
126,-6.14,57.24,-21,-16,-73.24,0,
126,-6.81,-19.38,5,0,19.38,0,
126,-4.12,54.69,-16,0,-54.69,0,
126,-3.03,21.82,-6,0,-21.82,0,
126,-1.02,2.39,0,0,-2.39,0,
126,1.2,26.69,-8,0,-26.69,0,
126,1.37,9.56,-2,0,-9.56,0,
126,1.45,15,-4,0,-15,0,
126,1.46,6.59,-1,0,-6.59,0,
126,3.68,-19.22,5,0,19.22,62.51,
126,12.84,135.84,-40,0,-135.84,0,
126,15.37,-80.52,21,-7.53,72.99,0,
126,4.77,-4.84,-16,-60.24,-55.4,10616960,
126,28.56,216.74,-50,-60.24,-276.98,0,
126,15.64,-244.54,50,-60.24,184.3,0,
126,6.85,134.51,-40,0,-134.51,0,
126,64.98,552.71,-50,-60.24,-612.95,0,
126,69.82,-164.45,31,-60.24,104.22,0,
126,49.65,-50.87,-2,-60.24,-9.37,0,
126,95.71,450.28,-50,-60.24,-510.51,0,
126,93.72,-159.1,29,-60.24,98.87,0,
126,76.41,78.88,-41,-60.24,-139.11,0,
126,117.3,323.18,-50,-60.24,-383.41,0,
126,102.14,-302.85,50,-60.24,242.62,0,
126,105.35,265.21,-50,-60.24,-325.45,0,
126,133.74,58.15,-35,-60.24,-118.38,0,
126,104.7,-286.25,50,-60.24,226.01,0,
126,136.07,466.54,-50,-60.24,-526.78, ovf,
126,139.16,-164.83,31,-60.24,104.59, ovf,
126,111.97,-79.5,5,-60.24,19.26, ovf,
126,154.64,406.66,-50,-8.47,-415.13,0,
0,137.62,-383.51,50,-0.47,383.04,0,
0,132.82,180.69,-50,0,-180.69,-109176832,
0,178.23,301.41,-50,0,-301.41,0,
0,146.01,-419.99,50,0,419.99,0,
0,136.01,92.81,-27,0,-92.81, ovf,
0,169.77,323.2,-50,0,-323.2,0,
0,167.64,-127.54,38,0,127.54,0,
0,151.17,-69.44,20,0,69.44,0,
0,172.68,254.36,-50,0,-254.36,0,
0,170.96,-153.06,45,0,153.06,0,
0,152.58,-80,24,0,80,0,
0,171.28,249.87,-50,0,-249.87, ovf,
0,176.06,3673.65,-50,0,-3673.65,0,
0,149.53,-218.72,50,0,218.72,0,
0,130.59,-66.86,20,0,66.86,0,
0,155.34,291.08,-50,0,-291.08,0,
0,158.51,-71.63,21,0,71.63, ovf,
0,141.87,-100.03,30,0,100.03,0,
0,159.91,235.61,-50,0,-235.61,0,
0,163.55,-91.51,27,0,91.51,0,
0,144.62,-146.52,43,0,146.52,0,
0,164.29,269.36,-50,0,-269.36,0,
0,171.38,-24.9,7,0,24.9,0,
0,149.12,-215.59,50,0,215.59,0,
0,157.81,188.22,-50,0,-188.22,-541065280,
0,-178.74,-5202.11,50,0,5202.11,0,
0,168.41,432.03,-50,0,-432.03,0,
0,138.45,-299.95,50,0,299.95,0,
0,146.66,260.97,-50,0,-260.97,0,
0,-178.69,-11744.22,50,0,11744.22,0,
0,172.17,2003.38,-50,0,-2003.38,0,
0,146.53,-238.56,50,0,238.56,0,
0,135.35,39.57,-11,0,-39.57,0,
0,173.8,423.85,-50,0,-423.85,0,
0,-178.79,-756.73,50,0,756.73,0,
0,168.74,333.08,-50,0,-333.08,0,
0,145.73,-221.76,50,0,221.76,0,
0,149.69,144.2,-43,0,-144.2,0,
0,140.24,-222.48,50,0,222.48, ovf,
0,118.22,-161.87,48,0,161.87,0,
0,77.76,-922.18,50,0,922.18,0,
0,59.96,-235.65,50,0,235.65,0,
0,29.37,-267.55,50,0,267.55,0,
0,-1.78,-235.05,50,0,235.05, ovf,
0,-21.5,-121.51,36,0,121.51,0,
0,-31.65,-44.97,13,0,44.97,0,
0,-42.37,-141.02,42,0,141.02,0,
0,-48.06,-87.82,26,0,87.82,0,
0,-52.81,-51.56,15,0,51.56,0,
0,-54.56,9.85,-2,0,-9.85,0,
0,-52.15,58.32,-17,0,-58.32, ovf,
0,-43.32,89.95,-26,0,-89.95,0,
0,-37.77,38.88,-11,0,-38.88,0,
0,-34.3,28.91,-8,0,-28.91,0,
0,-30.99,53.19,-15,0,-53.19,0,
0,-24.83,61.02,-18,0,-61.02,0,
0,-22.96,1.28,0,0,-1.28,0,
0,-18.6,45.33,-13,0,-45.33,605072512,
0,-19.78,-7.06,2,0,7.06,0,
0,-17.36,31.89,-9,0,-31.89,0,
0,-16.77,-5.19,1,0,5.19,0,
0,-18.56,-13.07,3,0,13.07,0,
0,-17.6,20.25,-6,0,-20.25,0,
0,-13.03,52.12,-15,0,-52.12,0,
0,-10.87,8.53,-2,0,-8.53,0,
0,-11.66,-9.34,2,0,9.34,0,
0,-11.98,1.56,0,0,-1.56,0,
0,-9.74,32.13,-9,0,-32.13,0,
0,-5.25,45.47,-13,0,-45.47,0,
0,-2.02,16.71,-5,0,-16.71,0,
0,-4.74,-36.43,10,0,36.43,0,
0,-8.4,-31.82,9,0,31.82,0,
0,-8.42,10.51,-3,0,-10.51,0,
0,-3.42,60.67,-18,0,-60.67,0,
0,1.63,37.05,-11,0,-37.05,0,
0,-0.41,-39.83,11,0,39.83,0,
0,-3.19,-9.74,2,0,9.74,0,
0,3.12,80.25,-24,0,-80.25,0,
0,15.89,148.47,-44,0,-148.47,0,
0,25.59,70.77,-21,0,-70.77,0,
0,30.99,70.9,-21,0,-70.9,0,
0,43.46,184.94,-50,0,-184.94,0,
0,40.52,-80.51,24,0,80.51,0,
0,12.48,-264.35,50,0,264.35,0,
0,-8.11,-163.68,49,0,163.68,0,
0,-13.57,-105.37,31,0,105.37,0,
0,-22.87,-99.52,29,0,99.52,0,
0,-22.23,81.96,-24,0,-81.96,0,
0,-16.97,52.55,-15,0,-52.55,0,
0,-17.66,-19.64,5,0,19.64,0,
0,-17.62,-15.9,4,0,15.9,0,
0,-9.14,93.82,-28,0,-93.82,0,
0,-9.5,-10.13,3,0,10.13,0,
0,-12.02,-38.74,11,0,38.74,0,
0,-12.73,-13.22,3,0,13.22,0,
0,-13.11,-23.58,7,0,23.58,0,
0,-13.33,10.46,-3,0,-10.46,0,
0,-10.5,35.11,-10,0,-35.11,0,
0,-7.76,20.13,-6,0,-20.13,0,
0,0.54,123.94,-37,0,-123.94,0,
0,-0.64,-38.03,11,0,38.03,0,
0,-2.1,-75.35,22,0,75.35,0,
0,-7.33,-33.77,10,0,33.77,-1,
0,-9.22,-3.59,1,0,3.59,0,
0,-8.96,47.39,-14,0,-47.39,0,
0,-8.01,9.97,-2,0,-9.97,0,
0,-6.43,-24.68,7,0,24.68, ovf,
0,0.17,77.92,-23,0,-77.92,0,
0,0.91,3.12,0,0,-3.12, ovf,
0,2.14,30.19,-9,0,-30.19,0,
0,3.65,21.57,-6,0,-21.57,0,
0,5.29,16.8,-5,0,-16.8, ovf,
0,8.9,25.94,-7,0,-25.94,0,
0,18.09,90.8,-27,0,-90.8,0,
0,21.33,-9.25,2,0,9.25,0,
0,7.35,-177.33,50,0,177.33,0,
0,-7.2,-102.02,30,0,102.02,0,
0,-8.55,-1.08,0,0,1.08,0,
0,-2.93,34.86,-10,0,-34.86,0,
0,-3.15,-21.57,6,0,21.57,0,
0,-8.18,-35.46,10,0,35.46,0,
0,-9.32,-0.76,0,0,0.76,0,
0,-8.64,12.66,-3,0,-12.66,0,
0,-6.34,30.46,-9,0,-30.46,0,
0,-5.47,6.13,-1,0,-6.13,0,
0,-5.99,-12.06,3,0,12.06,0,
0,-8.91,-12.36,3,0,12.36,0,
0,-7.83,5.57,-1,0,-5.57,0,
0,-7.88,-9.81,2,0,9.81,0,
0,-5.52,24.72,-7,0,-24.72,0,
0,-2.74,50.52,-15,0,-50.52,0,
0,-4.22,-21.53,6,0,21.53,0,
0,-5.19,-21.46,6,0,21.46,-33554432,
0,-7.84,-18.62,5,0,18.62,0,
0,-7.32,8.18,-2,0,-8.18,0,
0,-6.68,2.32,0,0,-2.32,-2,
0,-6.63,3.23,0,0,-3.23,0,
0,-4.88,24.76,-7,0,-24.76,0,
0,-3.56,14.92,-4,0,-14.92,0,
0,-4.24,-7.92,2,0,7.92,0,
0,-4.73,-6.74,2,0,6.74,0,
0,-6.04,-10.82,3,0,10.82,0,
0,-6.73,-1.35,0,0,1.35,0,
0,-7.18,-4.01,1,0,4.01,0,
0,-6.18,8.59,-2,0,-8.59,0,
0,-4.94,2.75,0,0,-2.75,0,
0,-3.65,9.04,-2,0,-9.04,0,
0,-3.72,-2.34,0,0,2.34,0,
0,-3.63,-0.98,0,0,0.98,0,
0,-4.1,-11.2,3,0,11.2,0,
0,-4.29,-8.49,2,0,8.49,0,
0,-4,-0.18,0,0,0.18,0,
0,-4.71,-2.63,0,0,2.63,0,
0,-4.86,0.86,0,0,-0.86, ovf,
126,-4.63,-0.71,0,0,0.71,0,
126,-5.68,-12.52,3,0,12.52,0,
126,-5.46,0.45,0,0,-0.45,0,
126,-4.7,15.46,-4,-0.47,-15.93,0,
126,-5.43,-4.97,1,0,4.97,0,
126,-4.77,-14.01,4,0,14.01,0,
126,-4.7,-0.13,0,0,0.13,0,
126,-2.91,25.09,-7,0,-25.09, ovf,
126,0.79,36.32,-10,0,-36.32,0,
126,2.73,10.41,-3,0,-10.41,0,
126,5.47,58.1,-17,0,-58.1,0,
126,7.03,2.11,0,0,-2.11,-44170240,
126,6.2,-67.8,20,0,67.8,0,
126,-7.87,-152.74,45,0,152.74,0,
126,-8.51,12.26,-3,0,-12.26,0,
126,-5.62,71.55,-21,0,-71.55,0,
126,-1.52,25.39,-7,0,-25.39,0,
126,1,38.69,-11,0,-38.69,0,
126,3.43,20.81,-6,-0.47,-21.28,0,
126,8.87,51.85,-15,0,-51.85,0,
126,9.48,9.97,-2,0,-9.97,0,
126,15.25,88.02,-26,0,-88.02, ovf,
126,22.76,11.73,-3,0,-11.73,0,
126,16.56,2.12,0,0,-2.12,0,
126,44.34,309.4,-50,-4.24,-313.63,0,
126,37.63,-192.43,50,-16,176.43,-84017152,
126,32.85,184.15,-50,-60.24,-244.38,0,
126,79.02,363.3,-50,-60.24,-423.53,0,
126,64.78,-299.6,50,-60.24,239.36,0,
126,68.06,297.49,-50,-60.24,-357.72,0,
126,105.87,256.37,-50,-60.24,-316.6,0,
126,82.96,-358.66,50,-60.24,298.42,0,
126,98.63,416.89,-50,-60.24,-477.13,0,
126,125,87.1,-44,-60.24,-147.34,0,
126,95.22,-256.84,50,-60.24,196.61,0,
126,128.49,437.94,-50,-60.24,-498.18,0,
126,133.52,-156.85,28,-60.24,96.61,0,
126,134.46,136.99,-50,-60.24,-197.22,0,
126,134.45,-169.04,32,-60.24,108.8,0,
126,141.43,289.65,-50,-60.24,-349.89,0,
126,149.43,-80.46,6,-60.24,20.23, ovf,
126,145.42,75.78,-40,-60.24,-136.01,0,
126,143.94,-173.26,33,-60.24,113.02,0,
126,129.99,74.01,-40,-60.24,-134.24,0.04,
126,130.84,-169.38,32,-60.24,109.14,0,
126,118.21,-194.33,40,-60.24,134.09,0,
126,95.73,-236.94,50,-60.24,176.7,0,
126,69.2,-262.44,50,-60.24,202.2,0,
126,44.76,-278.07,50,-60.24,217.83,0,
126,14.14,-262.11,50,-60.24,201.87,0,
126,-8.39,-216.37,46,-60.24,156.13,0,
126,-19.93,-140.25,24,-60.24,80.01,0,
126,-40.72,-132.2,21,-60.24,71.96,0,
126,-51.91,-133.84,22,-60.24,73.6,0,
126,-51.93,-30.94,-8,-60.24,-29.29,0,
126,-64.88,-53.88,-1,-60.24,-6.36,0,
126,-46.08,189.11,-50,-60.24,-249.34,0.01,
126,-49.68,-87.4,8,-60.24,27.16,0,
126,-40.09,172.85,-50,-60.24,-233.09,0,
126,-36.27,-15.31,-13,-60.24,-44.92,0,
126,-26.57,151.93,-50,-60.24,-212.17,0,
126,-23.62,12.1,-21,-60.24,-72.33,0,
126,-20.62,52.42,-33,-59.29,-111.72,0,
126,-22.06,-47.76,-2,-55.06,-7.3,0,
126,-22.32,-5.3,-14,-53.65,-48.35,0,
126,-20.16,6.2,-17,-50.82,-57.02,0,
126,-21.95,43.11,-25,-43.29,-86.41,0,
126,-20.7,-15.54,0,-13.65,1.89, ovf,
126,-15.45,36.17,-10,0,-36.17,0,
126,-12.19,38.14,-11,0,-38.14,0,
126,-12.59,-9.21,2,0,9.21,0,
126,-9.64,31,-9,0,-31,0,
126,-8.46,-18.01,5,0,18.01,0,
126,-8.37,13.92,-4,0,-13.92,0,
126,-4.27,-13.75,4,0,13.75,0,
126,-2.52,59.89,-17,0,-59.89,0,
126,-10.16,-52.08,15,0,52.08,0,
126,-13.5,-26.23,7,-0.47,25.76,0,
126,-14.57,-32.1,9,-0.47,31.63, ovf,
126,-18.34,-73.79,22,0,73.79,0,
126,-20.28,-3.93,1,-0.47,3.46,0,
126,-19.48,14.45,-4,0,-14.45,0,
126,-20.58,3.09,-1,-0.47,-3.56,0,
126,-19.04,-6.96,2,0,6.96,0,
126,-18.13,14.45,-4,0,-14.45,0,
126,-15.42,22.36,-6,0,-22.36,0,
126,-16.3,-21.25,6,0,21.25,0,
126,-14.47,42.29,-12,0,-42.29, ovf,
126,-10.4,2.3,0,0,-2.3,0,
126,-17.08,-55.58,16,0,55.58,0,
126,-2.9,192.57,-50,0,-192.57,0,
126,-8.53,-219.59,50,0,219.59,0,
126,-22.56,-33.14,9,0,33.14,0,
126,17.94,430.94,-50,-0.47,-431.41,0,
126,31.29,-21.33,-11,-60.24,-38.9,0,
126,2.49,-265.2,50,-60.24,204.96,0,
126,26.77,382.76,-50,-60.24,-442.99, ovf,
126,59.94,169.71,-50,-60.24,-229.95,0,
126,34.05,-313.39,50,-60.24,253.16,0,
126,53.24,447.24,-50,-60.24,-507.47,0,
126,88.68,134.22,-50,-60.24,-194.46,0,
126,63.69,-285.63,50,-60.24,225.39,0,
126,86.88,424.01,-50,-60.24,-484.25,0,
126,112.01,122.12,-50,-60.24,-182.36,0,
126,84.57,-304.82,50,-60.24,244.58,0,
126,120.19,470.73,-50,-60.24,-530.96,0,
126,132.26,-86.37,7,-60.24,26.14,0,
126,106.78,-130.08,20,-60.24,69.84, ovf,
126,143.48,394.68,-50,-60.24,-454.92,0,
126,132.66,-338.57,50,-60.24,278.33,0,
126,119.69,126.97,-50,-60.24,-187.2,0,
126,157.11,259.31,-50,-60.24,-319.55,0,
126,130.11,-393.89,50,-60.24,333.65,0,
126,137.48,352.22,-50,-60.24,-412.46,0,
126,164.53,60.95,-36,-60.24,-121.18,0,
126,127.64,-329.82,50,-60.24,269.58,0,
126,155.44,484.72,-50,-46.12,-530.84,0,
126,173.52,-83.86,25,0,83.86,0,
126,135.85,-252.89,50,12.71,265.59,0,
126,-176.11,-11418.67,50,59.76,11478.43,0,
126,-138.99,165.23,-31,59.76,-105.46,0,
126,-100.6,257.15,-50,59.76,-197.38,0,
126,-139.03,-486.43,50,59.76,546.2,0,
126,-146.15,205.94,-50,33.41,-172.53,0,
126,-97.31,389.9,-50,-0.47,-390.37,0,
126,-135.04,-642.46,50,-0.47,641.99,0,
126,-176.82,-220.89,50,0,220.89,0,
126,-151.9,294.02,-50,0,-294.02,0,
126,-167.52,-362.81,50,0,362.81,0,
126,159.75,466.72,-50,24,-442.72, ovf,
126,143.26,-63.97,24,19.29,83.27,0,
0,176.51,386.74,-50,0,-386.74,0,
0,-162.79,-124.2,37,0,124.2,0,
0,-148.87,43.47,-13,-0.47,-43.94,0,
0,-178.56,-298.93,50,0,298.93,0,
0,179.44,386.12,-50,0,-386.12,0,
0,-167.98,-164.64,49,0,164.64,0,
0,-149.95,144.89,-43,0,-144.89,0,
0,-154.72,-105.17,31,0,105.17,0,
0,-160.44,-3.27,0,0,3.27,0,
0,-154.19,46.21,-13,0,-46.21,0,
0,-157.27,-38.7,11,0,38.7,106438928,
0,-157.53,4.3,-1,0,-4.3,0,
0,-159.06,-16.28,4,0,16.28,0,
0,-159.21,-5.06,1,0,5.06,0,
0,-160.09,-3.19,0,0,3.19,0,
0,-160.72,-8.68,2,0,8.68,0,
0,-161.09,-4.45,1,0,4.45,0,
0,-161.58,-3.08,0,0,3.08, ovf,
0,-162,-4.55,1,0,4.55,0,
0,-162.29,-3.47,1,0,3.47,0,
0,-162.6,-2.34,0,0,2.34,0,
0,-162.87,-2.47,0,0,2.47,0,
0,-163.08,-2.21,0,0,2.21,0,
0,-163.3,-1.8,0,0,1.8,0,
0,-163.45,-1.2,0,0,1.2,0,
0,-163.61,-1.68,0,0,1.68,0,
0,-163.73,-1.4,0,0,1.4,0,
0,-163.84,-1.06,0,0,1.06,0,
0,-163.94,-0.66,0,0,0.66,0,
0,-164.02,-0.56,0,0,0.56,0,
0,-164.09,-0.82,0,0,0.82,0,
0,-164.15,-0.67,0,0,0.67,0,
0,-164.2,-0.33,0,0,0.33,0,
0,-164.25,-0.49,0,0,0.49,0,
0,-164.29,-0.47,0,0,0.47,0,
0,-164.32,-0.55,0,0,0.55,0,
0,-164.34,-0.19,0,0,0.19,0,
0,-164.37,-0.09,0,0,0.09,0,
0,-164.38,-0.05,0,0,0.05,0,
0,-164.38,-0.11,0,0,0.11,0,
0,-164.42,-0.12,0,0,0.12,0,
0,-164.44,-0.11,0,0,0.11,0,
0,-164.46,-0.31,0,0,0.31,0,
0,-164.47,-0.24,0,0,0.24,0,
0,-164.47,-0.14,0,0,0.14,0,
0,-164.48,0.07,0,0,-0.07,0,
0,-164.5,-0.49,0,0,0.49,0,
0,-164.5,0.02,0,0,-0.02,0,
0,-164.5,0.1,0,0,-0.1,0,
0,-164.5,-0.02,0,0,0.02,0,
0,-164.5,0.21,0,0,-0.21,0,
0,-164.5,-0.01,0,0,0.01,0,
0,-164.51,-0.13,0,0,0.13,0,
0,-163.72,11.64,-3,0,-11.64,0,
0,-162.7,-0.09,0,0,0.09,0,
0,-162.68,10.51,-3,0,-10.51,0,
0,-158.53,51.14,-15,0,-51.14,0,
0,-159.38,-16.5,4,0,16.5,0,
0,-161.79,-24.09,7,0,24.09,0,
0,-160.44,41.91,-12,0,-41.91,0,
0,-154.2,35.16,-10,0,-35.16,0,
0,-158.96,-59.75,17,0,59.75,-2.97,
0,-159.7,3.33,-1,0,-3.33,0,
0,-157.42,12.31,-3,0,-12.31,0,
0,-163.47,-67.72,20,0,67.72,0,
0,-163.94,9.67,-2,0,-9.67, ovf,
0,-163.96,-11.25,3,0,11.25, ovf,
0,-163.37,3.34,-1,0,-3.34, ovf,
0,-163.47,5.25,-1,0,-5.25, ovf,
0,-163.54,-1.35,0,0,1.35,0,
0,-163.41,-0.99,0,0,0.99, ovf,
0,-163.31,0.9,0,0,-0.9, ovf,
0,-163.26,1.1,0,0,-1.1, ovf,
0,-163.23,0.58,0,0,-0.58,0,
0,-163.19,0.44,0,0,-0.44,0,
0,-163.16,0.12,0,0,-0.12,0,
126,-163.12,0.18,0,0,-0.18,0,
126,-163.1,0.16,0,0,-0.16,0,
126,-163.06,0.41,0,0,-0.41,0,
126,-163.93,-21.97,6,-0.47,21.5,0,
126,-176.92,-169,50,0,169,0,
126,177.34,1013.47,-50,-0.47,-1013.94,0,
126,143.73,-378.32,50,-0.47,377.85,0,
126,147.02,233.77,-50,0,-233.77,0,
126,-168.63,-3193.81,50,0,3193.81,0,
126,-131.12,383.78,-50,-0.47,-384.25,0,
126,-78.53,465.79,-50,0,-465.79,0,
126,-62.68,-34.08,10,-0.47,33.61,0,
126,-78.16,-79.73,23,-0.47,79.26,0,
126,-65.55,227.75,-50,-31.53,-259.28,0,
126,-59.5,-75.06,4,-60.24,14.82,0,
126,-100.02,-553.95,50,-60.24,493.72,0,
126,-78.45,338.85,-50,-60.24,-399.09,0,
126,-63.12,45.42,-31,-60.24,-105.65,0,
126,-101.02,-572.17,50,-60.24,511.94,0,
126,-100.26,97.11,-47,-60.24,-157.35,-0.01,
126,-73.12,137.94,-50,-60.24,-198.17, ovf,
126,-103.6,-431.39,50,-60.24,371.15,0,
126,-108.32,90.24,-45,-60.24,-150.48,0,
126,-80.14,302.53,-50,-60.24,-362.76,0,
126,-104.57,-300.18,50,-60.24,239.94,0,
126,-114.63,29.58,-26,-60.24,-89.82,0,
126,-81.44,630.96,-50,-60.24,-691.2,0,
126,-104.69,-208.02,44,-60.24,147.78,0,
0,-109.04,83.17,-43,-60.24,-143.41,0,
0,-99.73,52.83,-33,-60.24,-113.06,0,
0,-111.03,-116.56,16,-60.24,56.32,0,
0,-115.45,-9.12,2,0,9.12,0,
0,-122.35,-116.15,34,0,116.15,0,
0,-136.74,-127.15,38,0,127.15, ovf,
0,-134.13,58.57,-17,0,-58.57,0,
0,-130.82,-6.75,2,0,6.75,0,
0,-138.87,-94.5,28,0,94.5,0,
0,-140.87,10.6,-3,0,-10.6,0,
0,-135.78,36.79,-11,0,-36.79,0,
0,-137.15,-26.44,7,0,26.44,0,
0,-138.91,-6.52,1,0,6.52,0,
0,-137.2,16.28,-4,0,-16.28,0,
0,-136.82,0.24,0,0,-0.24,0,
0,-136.22,8.36,-2,0,-8.36,0,
0,-135.56,5.29,-1,0,-5.29,0,
0,0,-134.6,4.07,-1,0,-4.07,0
0,-134.23,3.77,-1,0,-3.77,0,
0,-133.88,3.57,-1,0,-3.57,0,
0,-133.6,2.63,0,0,-2.63, ovf,
0,-133.34,2.55,0,0,-2.55,0,
0,-133.1,2.36,0,0,-2.36,0,
0,-132.91,1.78,0,0,-1.78,0,
0,-132.73,1.48,0,0,-1.48,0,
0,-132.6,1.26,0,0,-1.26,0,
0,-132.47,1.4,0,0,-1.4,0,
0,-132.37,1.12,0,0,-1.12,0,
0,-132.29,0.83,0,0,-0.83,0,
0,-132.21,0.78,0,0,-0.78,0,
0,-132.12,0.89,0,0,-0.89,0,
0,-132.04,0.87,0,0,-0.87,0,
0,-131.96,0.42,0,0,-0.42,0,
0,-131.91,0.32,0,0,-0.32,0,
0,-127.72,73.28,-21,0,-73.28,0,
0,-124.66,8.82,-2,0,-8.82,0,
0,-120.03,34.04,-10,0,-34.04,0,
0,-121.58,23.19,-6,0,-23.19,0,
0,-116.43,16.65,-4,0,-16.65,0,
0,-126.62,-97.27,29,0,97.27,0,
0,-128.46,-27,8,0,27,0,
0,-142.49,-193.21,50,0,193.21,0,
0,-152.15,-63.75,19,0,63.75,0,
0,-154.56,-56.99,17,0,56.99,0,
0,-168.13,-164.71,49,0,164.71,0,
0,-179.21,-101.55,30,0,101.55,0,
0,179.6,476.99,-50,0,-476.99,0,
0,177.26,-32.67,9,0,32.67, ovf,
0,165.41,-33.92,10,0,33.92,0,
0,-169.72,-630.41,50,0,630.41,0,
0,-164.67,70.23,-21,0,-70.23,0,
0,-174.43,-176.1,50,0,176.1, ovf,
0,165.4,384.99,-50,0,-384.99,0,
0,145.82,-213.27,50,0,213.27,0,
0,134.94,-15.56,4,0,15.56,0,
0,138.58,11.97,-3,0,-11.97,0,
0,135.52,-44.71,13,0,44.71,0,
0,132.96,59.11,-17,0,-59.11,0,
0,144.57,76.09,-22,0,-76.09,0,
0,137.51,-56.7,17,0,56.7, ovf,
0,156.79,244.1,-50,0,-244.1,0,
0,136.8,-274.26,50,0,274.26,0,
0,133.28,-78.28,23,0,78.28,0,
0,132.45,8.6,-2,0,-8.6,0,
0,134.41,12.7,-3,0,-12.7,0,
0,121.19,-203.8,50,0,203.8,0,
0,115.62,-5.06,1,0,5.06,0,
0,101.27,-109.71,32,0,109.71,0,
0,102.63,-5.05,1,0,5.05,0,
0,97.85,-16.31,4,0,16.31,0,
0,96.27,-34.42,10,0,34.42,0,
0,95.35,-0.14,0,0,0.14,0,
0,99.67,-4.71,1,0,4.71,-0.13,
0,103.69,25.31,-7,0,-25.31,0,
0,101.41,-27.81,8,0,27.81,0,
0,104.78,12.23,-3,0,-12.23,0,
0,97.23,-68.65,20,0,68.65,0,
0,92.98,-15.55,4,0,15.55,0,
0,82.57,-18.64,5,0,18.64,0,
0,75.16,-91.62,27,0,91.62,0,
0,52.78,-207.49,50,0,207.49,0,
0,44.38,-105.48,31,0,105.48,0,
0,45.03,0.53,0,0,-0.53,0,
0,41.13,-48.24,14,0,48.24,0,
0,30.58,-127.17,38,0,127.17,0,
0,22.17,-78.06,23,0,78.06,0,
0,12.3,-96.07,28,0,96.07,0,
0,-4.33,-197.08,50,0,197.08,0,
0,-7,-30.48,9,0,30.48,0,
0,-11.85,-39.53,11,0,39.53,0,
0,-13.61,-16.77,5,0,16.77,0,
0,-15.37,-22.17,6,0,22.17,0,
0,-13.02,19.86,-5,0,-19.86,0,
0,-12.32,-28.65,8,0,28.65,0,
0,-16.46,-30.34,9,0,30.34,0,
0,-16.45,9.73,-2,0,-9.73,0,
0,-12.48,11.31,-3,0,-11.31,0,
0,-11.52,-5.53,1,0,5.53,0,
0,-10.44,12.06,-3,0,-12.06,0,
0,-7.28,33.75,-10,0,-33.75,0,
0,-6.5,-9.62,2,0,9.62, ovf,
0,-4.76,18.11,-5,0,-18.11,0,
0,-3.03,0.46,0,0,-0.46, ovf,
0,-1.51,-4.96,1,0,4.96,0,
0,-7.21,-83.6,25,0,83.6,0,
0,-13.12,-32.21,9,0,32.21,0,
0,-16.32,-38,11,0,38, ovf,
0,-22.14,-39.81,11,0,39.81,0,
0,-18.88,56.4,-16,0,-56.4,0,
0,-18.07,-2.76,0,0,2.76,0,
0,-24.45,-37.39,11,0,37.39,0,
0,-17.71,86.15,-25,0,-86.15,0,
0,-13.88,13.69,-4,0,-13.69,13.4,
0,-13.36,7.84,-2,0,-7.84,0,
0,-11.17,23.46,-7,0,-23.46,0,
0,-12.5,-7.55,2,0,7.55,0,
0,-6.69,65.27,-19,0,-65.27, ovf,
0,-5.48,5.62,-1,0,-5.62, ovf,
0,-2.42,29.7,-8,0,-29.7,0,
0,-2.21,-0.68,0,0,0.68,0,
0,1.01,45.66,-13,0,-45.66, ovf,
0,5.11,40.02,-12,0,-40.02, ovf,
0,19.27,142.61,-42,0,-142.61,0,
0,17.12,-23.44,7,0,23.44, ovf,
0,15.09,-33.63,10,0,33.63, ovf,
0,9.62,-73.11,21,0,73.11,0,
0,0.23,-31.9,9,0,31,,***Setting up Tx radio...***
***Tx radio setup completed...***
126, 8.83, 0.00, 0.00, 0.00, -0.00, -11453.14
126, 8.84, 0.15, 0.00, 0.00, -0.15, -11453.53
126, 8.80, -0.01, 0.00, 0.00, 0.01, -11450.34
126, 8.85, 0.49, 0.00, -0.47, -0.96, -11458.96
126, 8.93, 1.25, 0.00, -0.47, -1.72, -11469.78
126, 8.90, -1.74, 0.00, -0.47, 1.27, -11477.54
126, 9.01, 0.95, 0.00, -0.47, -1.42, -11488.03
126, 9.11, -0.97, 0.00, -0.47, 0.50, -11506.17
126, 9.22, 6.67, -1.00, -0.47, -7.14, -11506.98
126, 8.93, -3.69, 0.00, -0.47, 3.22, -11503.58
126, 9.13, -2.64, 0.00, -0.47, 2.17, -11525.44
126, 9.04, -1.77, 0.00, -0.47, 1.30, -11519.72
126, 9.00, 0.15, 0.00, -0.47, -0.62, -11516.37
126, 9.09, -1.01, 0.00, -0.47, 0.54, -11533.33
126, 9.27, -0.26, 0.00, -0.47, -0.21, -11553.89
126, 9.35, 3.52, 0.00, -0.47, -3.99, -11559.13
126, 9.34, 1.43, 0.00, -0.47, -1.90, -11567.66
126, 9.37, 1.83, 0.00, -0.47, -2.30, -11574.38
126, 9.19, -0.75, 0.00, -0.47, 0.28, -11566.26
126, 9.30, -2.68, 0.00, -0.47, 2.21, -11585.94
126, 9.48, -1.72, 0.00, -0.47, 1.25, -11606.10
126, 9.30, -3.46, 0.00, -0.47, 2.99, -11596.69
126, 9.35, 1.05, 0.00, -0.47, -1.52, -11597.29
126, 9.42, 5.08, 0.00, -0.47, -5.55, -11601.09
126, 9.34, 2.94, 0.00, -0.47, -3.41, -11601.57
126, 9.29, 1.27, 0.00, -0.47, -1.74, -11604.62
126, 8.91, -8.36, 1.00, -0.47, 7.89, -11591.30
126, 9.09, -3.74, 0.00, -0.47, 3.27, -11604.21
126, 9.28, -0.59, 0.00, -0.47, 0.11, -11621.61
128, 9.27, -2.31, 0.00, -0.47, 1.84, -11628.77
146, 9.20, -2.37, 0.00, -0.47, 1.90, -11627.72
158, 9.45, 3.57, 0.00, -0.47, -4.04, -11644.95
161, 9.67, 4.77, 0.00, -0.47, -5.24, -11669.48
161, 9.31, -1.78, 0.00, -0.47, 1.31, -11651.55
161, 8.98, -4.86, 0.00, -0.47, 4.39, -11629.32
161, 8.95, 0.80, 0.00, -0.47, -1.27, -11619.58
161, 8.98, -0.63, 0.00, -0.47, 0.16, -11629.86
161, 9.04, 1.52, 0.00, -0.47, -1.99, -11636.02
161, 8.99, -0.15, 0.00, -0.47, -0.32, -11639.57
161, 9.08, 1.88, 0.00, -0.47, -2.36, -11649.48
161, 9.15, 2.20, 0.00, -0.47, -2.67, -11660.30
161, 9.12, -3.30, 0.00, -0.47, 2.83, -11673.19
161, 9.26, 1.04, 0.00, -0.47, -1.51, -11683.02
161, 9.08, -1.73, 0.00, -0.47, 1.26, -11675.23
161, 9.18, 2.02, 0.00, -0.47, -2.49, -11682.53
162, 9.28, 2.68, 0.00, -0.47, -3.15, -11695.52
167, 9.27, 0.47, 0.00, -0.47, -0.94, -11704.29
175, 9.14, -2.90, 0.00, -0.47, 2.43, -11702.10
179, 9.34, 1.10, 0.00, -0.47, -1.57, -11719.37
179, 9.26, -3.20, 0.00, -0.47, 2.73, -11725.02
180, 9.34, 0.35, 0.00, -0.47, -0.83, -11730.16
180, 9.38, 0.76, 0.00, -0.47, -1.23, -11738.41
180, 9.40, -1.79, 0.00, -0.47, 1.32, -11749.80
180, 9.36, -1.01, 0.00, -0.47, 0.54, -11749.23
180, 9.38, -0.65, 0.00, -0.47, 0.18, -11755.71
180, 9.41, -0.34, 0.00, -0.47, -0.13, -11762.68
182, 9.43, 0.01, 0.00, -0.47, -0.48, -11768.25
187, 9.51, 0.57, 0.00, -0.47, -1.04, -11780.11
193, 9.49, 0.41, 0.00, -0.47, -0.88, -11782.73
205, 9.38, 0.60, 0.00, -0.47, -1.07, -11776.41
213, 9.25, -2.63, 0.00, -0.47, 2.16, -11774.71
237, 9.27, 0.01, 0.00, -0.47, -0.48, -11775.85
249, 9.28, 1.44, 0.00, -0.47, -1.91, -11778.65
248, 9.06, -1.75, 0.00, -0.47, 1.28, -11768.54
242, 9.11, 0.52, 0.00, -0.47, -0.99, -11773.03
226, 9.17, 0.03, 0.00, -0.47, -0.50, -11784.66
217, 9.17, 0.42, 0.00, 0.00, -0.42, -11784.01
213, 9.23, 0.93, 0.00, -0.47, -1.40, -11793.32
205, 9.27, 1.69, 0.00, -0.47, -2.16, -11800.41
201, 9.32, 1.23, 0.00, -0.47, -1.70, -11811.28
183, 9.25, -0.97, 0.00, -0.47, 0.50, -11813.32
178, 9.28, 1.56, 0.00, -0.47, -2.04, -11815.94
174, 9.23, 1.24, 0.00, -0.47, -1.71, -11816.30
172, 9.23, -0.87, 0.00, -0.47, 0.40, -11825.29
161, 9.32, 0.89, 0.00, -0.47, -1.36, -11835.41
145, 9.31, -0.19, 0.00, -0.47, -0.28, -11841.10
144, 9.36, 0.02, 0.00, -0.47, -0.49, -11850.54
143, 9.40, -0.29, 0.00, -0.47, -0.18, -11859.95
142, 9.32, -2.17, 0.00, -0.47, 1.70, -11861.04
142, 9.38, 1.24, 0.00, -0.47, -1.71, -11864.44
140, 9.86, 6.53, 0.00, -0.47, -7.00, -11906.45
133, 10.08, -0.88, 0.00, -0.47, 0.41, -11948.56
126, 9.78, -1.32, 0.00, -0.47, 0.85, -11924.00
126, 9.66, -3.35, 0.00, -0.47, 2.88, -11921.02
126, 9.29, -1.67, 0.00, -0.47, 1.20, -11884.99
126, 9.42, 5.03, 0.00, -0.47, -5.50, -11889.22
126, 9.06, -3.14, 0.00, -0.47, 2.67, -11874.67
126, 9.32, 4.29, 0.00, -0.47, -4.76, -11890.61
126, 9.31, -1.80, 0.00, 0.00, 1.80, -11901.56
126, 9.21, -4.21, 0.00, -0.47, 3.74, -11901.13
126, 9.54, 2.33, 0.00, -0.47, -2.80, -11925.96
126, 9.49, -0.25, 0.00, -0.47, -0.22, -11930.49
126, 9.58, 2.70, 0.00, -0.47, -3.17, -11938.47
126, 9.57, -2.99, 0.00, -0.47, 2.52, -11953.74
126, 9.73, 2.00, 0.00, -0.47, -2.47, -11964.52
126, 9.82, 5.06, 0.00, -0.47, -5.53, -11971.81
126, 9.57, -0.74, 0.00, -0.47, 0.26, -11963.22
126, 9.67, 1.01, 0.00, -0.47, -1.48, -11974.60
126, 9.47, -5.33, 0.00, -0.47, 4.86, -11971.80
126, 9.42, -1.48, 0.00, -0.47, 1.01, -11964.54
126, 9.40, -3.39, 0.00, -0.47, 2.92, -11971.03
126, 9.47, 0.33, 0.00, -0.47, -0.80, -11975.32
126, 9.53, 3.44, 0.00, -0.47, -3.91, -11979.37
126, 9.39, -4.42, 0.00, -0.47, 3.95, -11985.76
126, 9.32, -1.87, 0.00, -0.47, 1.40, -11978.23
126, 9.44, 0.03, 0.00, -0.47, -0.50, -11991.28
126, 9.38, -0.24, 0.00, -0.47, -0.23, -11990.54
126, 9.61, 8.25, -1.00, -0.47, -8.73, -12001.00
126, 9.39, -1.01, 0.00, -0.47, 0.54, -12002.65
126, 9.38, -2.37, 0.00, -0.47, 1.90, -12008.84
126, 9.33, -5.25, 0.00, -0.47, 4.78, -12014.72
126, 9.42, 0.17, 0.00, -0.47, -0.64, -12017.81
126, 9.49, 1.39, 0.00, -0.47, -1.86, -12026.39
126, 9.36, -3.47, 0.00, -0.47, 3.00, -12027.70
126, 9.64, 4.37, 0.00, -0.47, -4.85, -12044.83
126, 9.48, 0.00, 0.00, -0.47, -0.47, -12043.39
126, 9.63, 4.10, 0.00, -0.47, -4.57, -12054.87
126, 9.53, 0.74, 0.00, -0.47, -1.21, -12056.15
126, 9.39, -2.80, 0.00, -0.47, 2.33, -12053.48
126, 9.37, -1.40, 0.00, -0.47, 0.93, -12053.59
126, 9.62, 6.33, 0.00, -0.47, -6.80, -12067.39
126, 9.61, 3.92, 0.00, -0.47, -4.40, -12076.27
126, 9.47, -2.07, 0.00, -0.47, 1.60, -12079.20
126, 9.55, 4.13, 0.00, -0.47, -4.60, -12079.49
126, 9.55, -1.16, 0.00, -0.47, 0.69, -12095.06
126, 9.52, -1.48, 0.00, -0.47, 1.01, -12097.23
126, 9.43, -4.02, 0.00, -0.47, 3.55, -12097.52
126, 9.59, -0.64, 0.00, -0.47, 0.17, -12112.25
126, 9.65, 2.20, 0.00, -0.47, -2.67, -12116.94
126, 9.52, -0.98, 0.00, -0.47, 0.51, -12114.64
125, 9.54, -0.51, 0.00, -0.47, 0.04, -12121.04
125, 9.61, 3.46, 0.00, -0.47, -3.93, -12123.98
125, 9.53, 1.46, 0.00, -0.47, -1.93, -12125.80
125, 9.56, 0.93, 0.00, -0.47, -1.40, -12134.33
125, 9.54, 0.25, 0.00, -0.47, -0.72, -12138.38
124, 9.66, 4.46, 0.00, -0.47, -4.93, -12147.16
122, 9.55, 1.82, 0.00, -0.47, -2.29, -12145.27
111, 9.74, 8.04, -1.00, -0.47, -8.51, -12157.33
102, 9.59, -0.88, 0.00, -0.47, 0.41, -12164.68
94, 9.58, 0.79, 0.00, -0.47, -1.26, -12164.91
91, 9.53, 0.39, 0.00, -0.47, -0.86, -12165.65
89, 9.50, 0.29, 0.00, -0.47, -0.76, -12167.12
88, 9.39, -2.08, 0.00, -0.47, 1.61, -12166.17
88, 9.41, -0.06, 0.00, -0.47, -0.41, -12168.15
86, 9.38, 0.01, 0.00, -0.47, -0.48, -12169.58
84, 9.43, 1.44, 0.00, -0.47, -1.91, -12176.35
74, 9.35, -1.67, 0.00, -0.47, 1.20, -12179.25
69, 9.37, 0.01, 0.00, -0.47, -0.48, -12183.72
67, 9.43, 0.98, 0.00, -0.47, -1.45, -12192.32
66, 9.43, -0.28, 0.00, -0.47, -0.19, -12199.48
62, 9.44, 0.15, 0.00, -0.47, -0.62, -12204.72
59, 9.38, -0.91, 0.00, -0.47, 0.44, -12205.24
56, 9.39, -0.45, 0.00, -0.47, -0.02, -12209.66
53, 9.39, 0.12, 0.00, -0.47, -0.59, -12213.77
51, 9.37, 0.01, 0.00, -0.47, -0.48, -12216.87
48, 9.32, -0.39, 0.00, -0.47, -0.08, -12216.75
41, 9.27, 0.14, 0.00, -0.47, -0.61, -12215.28
35, 9.20, -1.09, 0.00, -0.47, 0.62, -12215.48
33, 9.20, 0.17, 0.00, -0.47, -0.64, -12218.41
29, 9.15, -0.40, 0.00, -0.47, -0.07, -12219.29
26, 9.18, 0.23, 0.00, -0.47, -0.70, -12224.94
25, 9.20, 0.17, 0.00, -0.47, -0.65, -12232.54
23, 9.23, 0.17, 0.00, -0.47, -0.64, -12240.08
22, 9.25, 0.00, 0.00, -0.47, -0.47, -12247.04
22, 9.27, 0.12, 0.00, -0.47, -0.59, -12253.59
22, 9.29, 0.08, 0.00, -0.47, -0.56, -12260.51
34, 9.30, -0.02, 0.00, -0.47, -0.45, -12266.12
88, 9.31, 0.04, 0.00, -0.47, -0.51, -12272.15
113, 9.33, 0.05, 0.00, -0.47, -0.52, -12278.87
126, 9.36, 0.57, 0.00, -0.47, -1.04, -12285.27
126, 9.35, -0.52, 0.00, -0.47, 0.05, -12291.19
126, 9.40, 0.93, 0.00, -0.47, -1.40, -12298.35
126, 9.37, -0.08, 0.00, -0.47, -0.39, -12301.76
126, 9.39, 1.68, 0.00, -0.47, -2.15, -12305.16
126, 9.40, 2.18, 0.00, -0.47, -2.65, -12310.07
126, 9.31, -1.01, 0.00, -0.47, 0.54, -12312.00
126, 9.36, -2.32, 0.00, -0.47, 1.85, -12324.43
126, 9.51, 2.18, 0.00, -0.47, -2.65, -12334.98
126, 9.46, -0.19, 0.00, -0.47, -0.28, -12339.22
126, 9.24, -5.38, 0.00, -0.47, 4.91, -12333.12
126, 9.38, -1.68, 0.00, -0.47, 1.21, -12344.52
126, 9.48, 1.76, 0.00, -0.47, -2.23, -12352.14
126, 9.49, 1.22, 0.00, -0.47, -1.69, -12359.01
126, 9.41, -1.76, 0.00, -0.47, 1.29, -12361.39
126, 9.53, 0.34, 0.00, -0.47, -0.81, -12374.30
126, 9.35, -6.43, 1.00, -0.47, 5.96, -12374.03
126, 9.52, 0.32, 0.00, -0.47, -0.79, -12382.42
126, 9.42, -1.72, 0.00, -0.47, 1.25, -12381.43
126, 9.39, -0.70, 0.00, -0.47, 0.23, -12380.68
126, 9.42, 0.18, 0.00, -0.47, -0.65, -12386.83
126, 9.39, -1.19, 0.00, -0.47, 0.72, -12391.63
126, 9.38, -1.33, 0.00, -0.47, 0.85, -12394.88
126, 9.42, -0.42, 0.00, -0.47, -0.05, -12402.16
126, 9.54, 2.19, 0.00, -0.47, -2.66, -12413.48
126, 9.49, 0.52, 0.00, -0.47, -0.99, -12417.09
126, 9.51, 0.64, 0.00, -0.47, -1.11, -12423.45
126, 9.47, -1.10, 0.00, -0.47, 0.63, -12427.36
126, 9.34, -3.55, 0.00, -0.47, 3.08, -12424.18
128, 9.47, 2.65, 0.00, -0.47, -3.12, -12429.42
129, 9.51, 4.72, -1.00, -0.47, -5.19, -12434.45
131, 9.45, -0.08, 0.00, -0.47, -0.39, -12442.96
131, 9.53, 0.82, 0.00, -0.47, -1.29, -12453.38
146, 9.51, 0.95, 0.00, -0.47, -1.42, -12456.21
157, 9.37, -1.14, 0.00, -0.47, 0.66, -12451.08
159, 9.36, -4.74, 0.00, -0.47, 4.27, -12461.46
159, 9.37, -0.96, 0.00, -0.47, 0.49, -12460.15
159, 9.25, -1.02, 0.00, -0.47, 0.55, -12452.87
159, 9.27, 2.49, 0.00, -0.47, -2.96, -12452.63
159, 9.45, 1.79, 0.00, -0.47, -2.26, -12476.45
158, 9.45, 1.18, 0.00, -0.47, -1.65, -12481.87
159, 9.27, -5.97, 1.00, -0.47, 5.50, -12482.92
159, 9.35, 4.02, 0.00, -0.47, -4.49, -12476.40
159, 9.00, -2.68, 0.00, -0.47, 2.21, -12459.34
158, 9.56, 3.64, 0.00, -1.88, -5.53, -12521.55
159, 9.47, 3.33, -2.00, -8.00, -11.33, -12593.27
158, 9.43, -2.06, -1.00, -11.76, -9.70, -12717.51
159, 8.88, -0.88, -4.00, -22.59, -21.71, -12886.92
159, 9.42, 5.17, -6.00, -27.76, -32.93, -13205.99
159, 9.61, -1.40, -4.00, -28.24, -26.83, -13520.31
159, 9.66, -1.52, -5.00, -29.18, -27.66, -13817.56
159, 9.76, -0.01, -5.00, -30.59, -30.58, -14129.91
161, 9.89, 3.00, -7.00, -35.76, -38.76, -14495.10
167, 10.16, 3.02, -8.00, -37.65, -40.67, -14898.31
169, 10.40, 1.90, -7.00, -38.59, -40.49, -15310.88
169, 9.86, -4.85, -6.00, -39.06, -34.20, -15660.49
169, 9.38, -2.35, -7.00, -39.06, -36.71, -15997.94
169, 9.62, 2.24, -7.00, -39.06, -41.30, -16403.51
169, 9.63, 5.61, -8.00, -39.06, -44.67, -16788.08
193, 9.50, -2.70, -7.00, -38.59, -35.89, -17178.43
193, 9.47, -2.43, -3.00, -25.41, -22.99, -17453.57
193, 9.41, -4.77, 0.00, -0.47, 4.30, -17457.25
193, 9.40, -0.88, 0.00, -0.47, 0.41, -17453.33
193, 9.49, 1.30, 0.00, -0.47, -1.77, -17462.91
193, 9.42, -1.73, 0.00, -0.47, 1.26, -17465.98
193, 9.45, -0.84, 0.00, -0.47, 0.37, -17471.85
193, 9.45, 1.68, 0.00, -0.47, -2.15, -17472.32
193, 9.39, -0.60, 0.00, -0.47, 0.13, -17475.55
193, 9.39, 1.32, 0.00, -0.47, -1.79, -17476.07
193, 9.40, -0.75, 0.00, -0.47, 0.28, -17486.25
205, 9.44, 1.36, 0.00, -0.47, -1.83, -17490.44
204, 9.43, -0.27, 0.00, -0.47, -0.20, -17497.63
204, 9.49, 0.59, 0.00, -0.47, -1.06, -17506.57
204, 9.42, -1.09, 0.00, -0.47, 0.62, -17507.43
204, 9.45, 1.42, 0.00, -0.47, -1.89, -17510.10
205, 9.41, 0.77, 0.00, -0.47, -1.24, -17511.94
205, 9.31, -2.20, 0.00, -0.47, 1.73, -17512.88
205, 9.23, -1.56, 0.00, -0.47, 1.09, -17507.97
206, 9.19, -0.95, 0.00, -0.47, 0.48, -17508.36
207, 9.11, -0.10, 0.00, -0.47, -0.37, -17502.83
208, 9.07, -0.04, 0.00, -0.47, -0.43, -17504.12
208, 9.09, -0.29, 0.00, -0.47, -0.18, -17511.02
209, 9.11, 0.76, 0.00, -0.47, -1.23, -17515.33
209, 9.03, -2.40, 0.00, -0.47, 1.93, -17518.26
209, 9.09, -0.07, 0.00, -0.47, -0.40, -17524.58
208, 9.03, -1.45, 0.00, -0.47, 0.98, -17526.27
208, 9.11, 0.99, 0.00, -0.47, -1.46, -17533.73
208, 9.09, -1.34, 0.00, -0.47, 0.87, -17541.44
206, 9.16, 0.56, 0.00, -0.47, -1.03, -17548.79
199, 9.20, 0.76, 0.00, -0.47, -1.23, -17557.35
190, 9.18, 0.19, 0.00, -0.47, -0.66, -17561.66
178, 9.21, 1.09, 0.00, -0.47, -1.56, -17567.53
168, 9.13, -1.62, 0.00, -0.47, 1.15, -17569.43
165, 9.28, 1.43, 0.00, -0.47, -1.90, -17583.13
162, 9.25, -2.05, 0.00, -0.47, 1.58, -17592.45
161, 9.23, -0.15, 0.00, -0.47, -0.32, -17591.11
160, 9.24, 0.67, 0.00, -0.47, -1.14, -17595.18
160, 9.13, -2.72, 0.00, -0.47, 2.25, -17595.56
160, 9.69, 2.63, 0.00, -0.47, -3.10, -17645.58
161, 9.13, -7.32, 0.00, -0.47, 6.85, -17613.82
161, 9.57, 3.11, 0.00, -0.47, -3.58, -17642.36
161, 9.08, -7.36, 1.00, -0.47, 6.89, -17618.55
161, 9.18, 0.35, 0.00, -0.47, -0.82, -17617.62
162, 9.13, -1.31, 0.00, -0.47, 0.83, -17621.23
162, 9.68, 5.05, 0.00, -0.47, -5.52, -17668.26
162, 9.17, -3.70, 0.00, -0.47, 3.23, -17640.16
162, 9.58, 5.08, -1.00, -0.47, -5.55, -17667.39
162, 9.34, -6.11, 0.00, -0.47, 5.64, -17670.73
162, 9.65, 1.57, 0.00, -0.47, -2.04, -17690.94
162, 9.16, -7.57, 1.00, -0.47, 7.10, -17664.38
162, 9.48, 4.06, 0.00, -0.47, -4.53, -17678.24
162, 8.73, -6.86, 1.00, -0.47, 6.39, -17630.67
162, 8.71, 4.41, 0.00, -0.47, -4.88, -17610.48
162, 8.27, -6.97, 1.00, -0.47, 6.50, -17594.08
162, 8.24, 3.45, 0.00, -0.47, -3.93, -17574.25
162, 8.18, -3.64, 0.00, -0.47, 3.17, -17587.34
162, 8.32, 2.00, 0.00, -0.47, -2.47, -17595.40
162, 8.41, 5.04, -1.00, -0.47, -5.51, -17602.33
162, 8.46, -1.54, 0.00, -0.47, 1.07, -17625.31
162, 8.49, 2.39, 0.00, -0.47, -2.86, -17624.90
162, 8.81, 0.80, 0.00, -0.47, -1.27, -17664.99
162, 8.57, -1.24, 0.00, -0.47, 0.77, -17650.08
162, 8.97, 8.44, -1.00, -0.47, -8.91, -17675.96
162, 8.79, -1.76, 0.00, -0.47, 1.29, -17682.65
162, 8.58, 2.61, 0.00, -0.47, -3.08, -17657.28
162, 9.08, 2.19, 0.00, -0.47, -2.66, -17713.62
162, 8.76, -0.54, 0.00, -0.47, 0.07, -17691.92
162, 9.18, 8.86, -1.00, -0.47, -9.33, -17719.50
162, 9.22, -2.01, 0.00, -0.47, 1.54, -17750.16
162, 8.72, -3.18, 0.00, -0.47, 2.71, -17706.76
162, 8.90, 6.91, -1.00, -0.47, -7.38, -17709.66
162, 9.08, -0.27, 0.00, -0.47, -0.20, -17746.14
162, 8.39, -7.04, 0.00, -0.47, 6.57, -17696.02
162, 8.67, 6.00, -1.00, -0.47, -6.48, -17702.42
162, 9.12, 1.49, 0.00, -0.47, -1.96, -17761.56
162, 8.75, -6.58, 1.00, -0.47, 6.11, -17744.63
162, 8.88, 3.25, 0.00, -0.47, -3.73, -17742.89
162, 9.49, 4.95, -1.00, -0.47, -5.42, -17805.37
162, 9.17, -7.43, 1.00, -0.47, 6.96, -17803.25
162, 9.23, 2.92, 0.00, -0.47, -3.39, -17793.32
162, 9.71, 5.08, 0.00, -0.47, -5.55, -17841.40
162, 9.20, -6.72, 0.00, -0.47, 6.25, -17818.87
162, 9.64, 6.08, -1.00, -0.47, -6.55, -17841.94
162, 9.92, -1.31, 0.00, -0.47, 0.84, -17889.86
162, 9.29, -5.24, 0.00, -0.47, 4.77, -17839.26
162, 9.38, 7.18, -1.00, -0.47, -7.65, -17828.28
162, 9.52, -1.70, 0.00, -0.47, 1.23, -17864.32
162, 8.92, -4.58, 0.00, -0.47, 4.11, -17815.52
162, 9.24, 4.94, -1.00, -0.47, -5.42, -17833.03
162, 9.10, -7.13, 1.00, -0.47, 6.66, -17847.89
162, 8.48, -4.87, 0.00, -0.47, 4.40, -17786.22
162, 8.89, 4.53, 0.00, -0.47, -5.00, -17812.89
162, 8.91, -1.64, 0.00, -0.47, 1.16, -17831.42
162, 8.25, -3.01, 0.00, -0.47, 2.54, -17772.89
161, 8.60, 4.45, 0.00, -0.47, -4.92, -17797.50
161, 8.25, -1.31, 0.00, -0.47, 0.83, -17779.74
160, 8.33, -2.59, 0.00, -0.47, 2.12, -17794.75
148, 7.89, -3.28, 0.00, -0.47, 2.81, -17757.42
143, 8.05, 6.35, -1.00, -0.47, -6.82, -17758.39
137, 8.81, 4.79, 0.00, -0.47, -5.26, -17841.78
130, 8.85, 1.02, 0.00, -0.47, -1.49, -17858.37
128, 9.03, -0.06, 0.00, -0.47, -0.41, -17883.23
126, 9.14, 3.01, 0.00, -0.47, -3.49, -17893.18
126, 9.13, 1.15, 0.00, -0.47, -1.62, -17900.31
126, 126, 9.20, 1.93, 0.00, -0.47, -2.40, -17915.48
126, 126, 126, 9.22, -0.09, 0.00, -0.47, -0.38, -17930.91
126, 9.27, 0.91, 0.00, -0.47, -1.38, -17938.75
126, 9.26, -1.36, 0.00, -0.47, 0.89, -17951.39
126, 9.36, -0.72, 0.00, -0.47, 0.25, -17964.55
126, 9.39, 2.46, 0.00, -0.47, -2.93, -17965.79
126, 9.32, -1.49, 0.00, -0.47, 1.01, -17971.79
126, 9.41, 2.69, 0.00, -0.47, -3.16, -17977.85
126, 9.36, 0.27, 0.00, -0.47, -0.74, -17982.26
126, 9.37, -0.33, 0.00, -0.47, -0.14, -17988.58
126, 9.37, 0.18, 0.00, -0.47, -0.65, -17992.68
126, 9.30, -1.01, 0.00, -0.47, 0.54, -17992.87
126, 9.36, -0.02, 0.00, -0.47, -0.45, -18001.34
126, 9.39, 2.20, 0.00, -0.47, -2.67, -18004.90
126, 9.34, -0.47, 0.00, -0.47, 0.00, -18009.79
126, 9.35, 0.07, 0.00, -0.47, -0.54, -18014.38
126, 9.30, -0.18, 0.00, -0.47, -0.29, -18015.02
126, 9.31, 1.24, 0.00, -0.47, -1.72, -18017.22
126, 9.38, 2.87, 0.00, -0.47, -3.34, -18025.90
126, 9.49, 6.67, -1.00, -0.47, -7.14, -18033.90
126, 9.37, 0.04, 0.00, -0.47, -0.51, -18039.69
126, 9.41, 2.32, 0.00, -0.47, -2.79, -18043.81
126, 9.35, -0.24, 0.00, -0.47, -0.23, -18047.82
126, 9.30, -0.30, 0.00, -0.47, -0.18, -18047.96
126, 9.39, 3.88, 0.00, -0.47, -4.35, -18052.89
126, 9.42, 4.62, -1.00, -0.47, -5.09, -18059.40
126, 9.37, 0.55, 0.00, -0.47, -1.02, -18067.48
126, 9.37, 1.88, 0.00, -0.47, -2.36, -18069.66
126, 9.39, 0.40, 0.00, -0.47, -0.87, -18079.68
126, 9.35, -0.49, 0.00, -0.47, 0.02, -18082.12
126, 9.27, -2.57, 0.00, -0.47, 2.10, -18083.21
126, 9.33, -1.16, 0.00, -0.47, 0.69, -18091.06
126, 9.33, -0.64, 0.00, -0.47, 0.17, -18094.42
126, 9.39, 0.47, 0.00, -0.47, -0.94, -18102.90
126, 9.45, 3.18, 0.00, -0.47, -3.65, -18108.51
126, 9.45, 3.81, 0.00, -0.47, -4.28, -18111.51
126, 9.39, 1.16, 0.00, -0.47, -1.63, -18115.57
126, 9.35, -0.24, 0.00, -0.47, -0.23, -18119.12
126, 9.19, -4.74, 0.00, -0.47, 4.27, -18117.12
126, 9.28, -2.88, 0.00, -0.47, 2.41, -18127.18
126, 9.37, -0.56, 0.00, -0.47, 0.09, -18135.42
107, 9.41, -0.26, 0.00, -0.47, -0.21, -18144.12
99, 9.42, -0.78, 0.00, -0.47, 0.31, -18150.85
93, 9.41, 0.55, 0.00, -0.47, -1.03, -18152.41
84, 9.36, -1.21, 0.00, -0.47, 0.74, -18155.75
69, 9.31, -1.60, 0.00, -0.47, 1.12, -18155.73
66, 9.27, -1.43, 0.00, -0.47, 0.96, -18155.75
62, 9.37, 2.54, 0.00, -0.47, -3.01, -18162.98
55, 9.27, -0.95, 0.00, -0.47, 0.48, -18164.92
53, 9.30, 0.12, 0.00, -0.47, -0.59, -18170.00
52, 9.28, 0.17, 0.00, -0.47, -0.64, -18173.10
51, 9.22, -0.44, 0.00, -0.47, -0.03, -18172.73
50, 9.18, -0.45, 0.00, -0.47, -0.02, -18173.38
50, 9.12, -0.52, 0.00, -0.47, 0.05, -18171.92
48, 9.08, -0.95, 0.00, -0.47, 0.48, -18173.43
47, 9.05, -0.23, 0.00, -0.47, -0.24, -18174.54
47, 9.04, -0.18, 0.00, -0.47, -0.29, -18177.86
47, 9.01, -0.41, 0.00, -0.47, -0.06, -18180.19
46, 8.99, -0.12, 0.00, -0.47, -0.35, -18182.60
44, 8.99, 0.05, 0.00, -0.47, -0.52, -18186.86
42, 8.98, -0.15, 0.00, -0.47, -0.32, -18190.63
38, 8.97, -0.09, 0.00, -0.47, -0.38, -18194.63
35, 8.98, 0.09, 0.00, -0.47, -0.56, -18200.25
33, 9.00, 0.45, 0.00, -0.47, -0.92, -18205.74
32, 9.02, 0.21, 0.00, -0.47, -0.68, -18212.90
27, 9.07, 0.48, 0.00, -0.47, -0.96, -18221.97
22, 9.08, 0.00, 0.00, -0.47, -0.48, -18228.98
17, 9.12, 0.61, 0.00, -0.47, -1.08, -18236.81
15, 9.16, 0.64, 0.00, -0.47, -1.11, -18244.82
15, 9.17, 0.11, 0.00, -0.47, -0.58, -18252.15
15, 9.21, 0.47, 0.00, -0.47, -0.94, -18259.65
15, 9.21, -0.19, 0.00, -0.47, -0.28, -18266.33
15, 9.22, -0.09, 0.00, -0.47, -0.38, -18272.16
15, 9.24, -0.07, 0.00, -0.47, -0.40, -18277.69
15, 9.24, -0.29, 0.00, -0.47, -0.18, -18283.43
26, 9.24, -0.36, 0.00, -0.47, -0.11, -18288.74
26, 9.28, 0.37, 0.00, -0.47, -0.84, -18295.36
25, 9.29, 0.52, 0.00, -0.47, -0.99, -18301.17
23, 9.28, -0.01, 0.00, -0.47, -0.46, -18306.23
9, 9.29, 0.19, 0.00, -0.47, -0.66, -18311.28
4, 9.30, 0.16, 0.00, -0.47, -0.63, -18316.68
4, 9.29, -0.20, 0.00, -0.47, -0.27, -18321.48
2, 9.28, -0.12, 0.00, -0.47, -0.35, -18325.27
1, 9.24, -0.61, 0.00, -0.47, 0.14, -18326.16
1, 9.18, -0.70, 0.00, -0.47, 0.23, -18325.41
0, 9.14, -0.58, 0.00, -0.47, 0.11, -18326.08
0, 9.11, -0.29, 0.00, -0.47, -0.18, -18326.94
0, 9.07, -0.17, 0.00, -0.47, -0.30, -18327.98
0, 9.04, -0.27, 0.00, -0.47, -0.20, -18329.79
0, 9.02, -0.17, 0.00, -0.47, -0.30, -18331.73
0, 8.98, -0.31, 0.00, -0.47, -0.16, -18333.72
0, 8.97, -0.18, 0.00, -0.47, -0.29, -18336.71
0, 8.94, -0.39, 0.00, -0.47, -0.08, -18339.11
0, 8.93, -0.09, 0.00, -0.47, -0.38, -18342.59
0, 8.93, -0.03, 0.00, -0.47, -0.44, -18346.48
0, 8.91, -0.23, 0.00, -0.47, -0.24, -18349.44
0, 8.90, -0.05, 0.00, -0.47, -0.42, -18353.04
0, 8.89, -0.24, 0.00, -0.47, -0.23, -18356.74
0, 8.88, -0.09, 0.00, -0.47, -0.38, -18360.40
0, 8.87, -0.03, 0.00, -0.47, -0.44, -18364.29
0, 8.86, -0.24, 0.00, -0.47, -0.23, -18368.03
0, 8.86, -0.04, 0.00, -0.47, -0.43, -18372.29
0, 8.84, -0.05, 0.00, -0.47, -0.42, -18376.10
0, 8.84, -0.00, 0.00, -0.47, -0.47, -18380.70
0, 8.84, -0.00, 0.00, -0.47, -0.47, -18384.94
0, 8.84, -0.01, 0.00, -0.47, -0.46, -18388.95
0, 8.83, -0.15, 0.00, -0.47, -0.32, -18393.78
0, 8.83, -0.00, 0.00, -0.47, -0.47, -18398.14
0, 8.83, 0.15, 0.00, -0.47, -0.62, -18402.58
0, 8.82, -0.01, 0.00, -0.47, -0.46, -18406.92
0, 8.83, 0.07, 0.00, -0.47, -0.54, -18412.16
0, 8.82, -0.04, 0.00, -0.47, -0.43, -18416.43
0, 8.82, -0.01, 0.00, -0.47, -0.46, -18420.34
0, 8.82, 0.01, 0.00, -0.47, -0.48, -18425.00
0, 8.81, 0.05, 0.00, -0.47, -0.52, -18429.58
0, 8.81, 0.00, 0.00, -0.47, -0.47, -18434.38
0, 8.82, 0.10, 0.00, -0.47, -0.57, -18439.54
0, 8.81, -0.03, 0.00, -0.47, -0.44, -18443.85
0, 8.81, 0.02, 0.00, -0.47, -0.49, -18448.47
0, 8.81, -0.02, 0.00, -0.47, -0.45, -18453.19
0, 8.82, 0.24, 0.00, -0.47, -0.71, -18458.14
0, 8.82, 0.00, 0.00, -0.47, -0.47, -18462.68
0, 8.82, 0.01, 0.00, -0.47, -0.48, -18467.89
0, 8.81, -0.01, 0.00, -0.47, -0.46, -18471.99
0, 8.81, 0.11, 0.00, -0.47, -0.58, -18476.46
0, 8.81, 0.02, 0.00, -0.47, -0.49, -18481.33
7, 8.82, 0.07, 0.00, -0.47, -0.54, -18486.60
10, 8.82, 0.07, 0.00, -0.47, -0.54, -18492.00
10, 8.82, 0.01, 0.00, -0.47, -0.48, -18496.93
10, 8.84, 0.20, 0.00, -0.47, -0.67, -18503.28
16, 8.88, 0.18, 0.00, -0.47, -0.65, -18511.57
22, 8.91, 0.08, 0.00, -0.47, -0.55, -18519.88
26, 8.95, 0.26, 0.00, -0.47, -0.73, -18527.71
29, 8.99, 0.33, 0.00, -0.47, -0.80, -18536.44
34, 9.05, 0.47, 0.00, -0.47, -0.94, -18547.19
40, 9.09, 0.08, 0.00, -0.47, -0.55, -18556.25
43, 9.14, 0.61, 0.00, -0.47, -1.08, -18565.41
48, 9.17, 0.21, 0.00, -0.47, -0.68, -18573.06
52, 9.17, -0.18, 0.00, -0.47, -0.29, -18578.54
56, 9.15, -0.38, 0.00, -0.47, -0.09, -18582.25
68, 9.12, -0.40, 0.00, -0.47, -0.07, -18584.64
81, 9.08, -1.06, 0.00, -0.47, 0.59, -18586.39
93, 9.07, 0.30, 0.00, -0.47, -0.77, -18587.68
106, 9.11, 1.31, 0.00, -0.47, -1.78, -18593.68
121, 9.12, 0.83, 0.00, -0.47, -1.30, -18600.91
126, 9.11, -0.37, 0.00, -0.47, -0.10, -18606.83
126, 9.08, -0.99, 0.00, -0.47, 0.51, -18609.27
126, 9.02, -2.52, 0.00, -0.47, 2.05, -18611.28
126, 9.16, -0.09, 0.00, -0.47, -0.38, -18624.96
126, 9.12, -2.41, 0.00, -0.47, 1.94, -18630.18
126, 9.16, -0.03, 0.00, -0.47, -0.44, -18634.49
126, 126, 9.16, -0.87, 0.00, -0.47, 0.40, -18640.97
126, 126, 9.12, -3.86, 0.00, -0.47, 3.39, -18647.77
126, 126, 9.24, -0.86, 0.00, -0.47, 0.39, -18662.83
126, 9.25, -1.01, 0.00, -0.47, 0.54, -18674.12
126, 9.24, -0.99, 0.00, -0.47, 0.52, -18682.87
126, 9.36, 2.79, 0.00, -0.47, -3.26, -18692.08
126, 9.50, 6.54, -1.00, -0.47, -7.01, -18702.70
126, 9.38, 0.55, 0.00, -0.47, -1.02, -18708.16
126, 9.34, -0.84, 0.00, -0.47, 0.37, -18711.53
126, 9.32, -0.89, 0.00, -0.47, 0.42, -18713.92
130, 9.36, 0.25, 0.00, -0.47, -0.73, -18720.66
131, 9.35, -0.80, 0.00, -0.47, 0.32, -18726.36
133, 9.44, 3.51, 0.00, -0.47, -3.98, -18731.06
162, 9.41, 1.37, 0.00, -0.47, -1.84, -18737.54
171, 9.34, -0.35, 0.00, -0.47, -0.12, -18738.45
172, 9.37, 0.98, 0.00, -0.47, -1.45, -18743.12
172, 8.90, -6.10, 0.00, -0.47, 5.63, -18715.80
172, 8.65, -3.59, 0.00, -0.47, 3.12, -18690.06
172, 8.39, 0.50, 0.00, -0.47, -0.98, -18660.62
172, 8.50, 1.72, 0.00, -0.47, -2.19, -18674.16
172, 8.41, -0.25, 0.00, -0.47, -0.22, -18674.27
172, 8.51, 0.45, 0.00, -0.47, -0.92, -18687.46
173, 8.83, 2.84, 0.00, -0.47, -3.31, -18719.47
179, 8.78, 3.11, 0.00, -0.47, -3.59, -18718.70
184, 8.85, -0.61, 0.00, -0.47, 0.14, -18737.10
188, 9.06, 2.65, 0.00, -0.47, -3.12, -18756.56
189, 8.86, -1.06, 0.00, -0.47, 0.59, -18749.08
191, 9.05, 3.41, 0.00, -0.47, -3.88, -18763.12
199, 8.91, -3.43, 0.00, -0.47, 2.96, -18767.45
205, 9.00, 0.36, 0.00, -0.47, -0.83, -18773.64
206, 9.11, 2.12, 0.00, -0.47, -2.59, -18786.09
209, 9.03, -0.77, 0.00, -0.47, 0.30, -18789.20
209, 9.02, -1.90, 0.00, -0.47, 1.43, -18794.27
209, 9.06, 0.33, 0.00, -0.47, -0.80, -18798.78
208, 9.02, -1.22, 0.00, -0.47, 0.75, -18803.23
205, 9.06, 0.13, 0.00, -0.47, -0.60, -18808.75
192, 9.03, -1.58, 0.00, -0.47, 1.11, -18814.04
181, 9.05, 0.45, 0.00, -0.47, -0.92, -18817.44
178, 9.08, -0.32, 0.00, -0.47, -0.15, -18826.68
178, 9.12, 0.75, 0.00, -0.47, -1.22, -18832.38
178, 9.13, 0.57, 0.00, -0.47, -1.04, -18839.25
177, 9.18, 0.24, 0.00, -0.47, -0.71, -18849.47
175, 9.20, -0.44, 0.00, -0.47, -0.03, -18857.38
156, 9.07, -5.09, 0.00, -0.47, 4.62, -18858.07
138, 9.19, 1.50, 0.00, -0.47, -1.97, -18861.73
130, 9.30, 4.65, -1.00, -0.47, -5.12, -18871.58
126, 9.03, -2.18, 0.00, -0.47, 1.71, -18862.62
126, 8.59, -8.26, 1.00, -0.47, 7.79, -18835.25
126, 8.74, 1.73, 0.00, -0.47, -2.20, -18835.91
126, 8.77, 0.49, 0.00, -0.47, -0.96, -18845.15
126, 8.86, 1.26, 0.00, -0.47, -1.73, -18857.15
126, 8.97, 2.54, 0.00, -0.47, -3.01, -18870.78
126, 8.91, -0.63, 0.00, -0.47, 0.16, -18876.19
126, 9.00, 1.15, 0.00, -0.47, -1.62, -18886.72
126, 9.06, 0.50, 0.00, -0.47, -0.97, -18897.97
126, 9.05, 0.18, 0.00, -0.47, -0.65, -18902.70
126, 9.07, -0.25, 0.00, -0.47, -0.22, -18910.66
126, 9.12, 0.50, 0.00, -0.47, -0.97, -18918.18
110, 9.14, 0.40, 0.00, -0.47, -0.87, -18925.44
62, 9.10, 0.07, 0.00, -0.47, -0.55, -18927.14
40, 9.10, -1.10, 0.00, -0.47, 0.63, -18933.83
8, 9.10, -0.68, 0.00, -0.47, 0.21, -18938.12
0, 9.12, 0.03, 0.00, -0.47, -0.50, -18943.24
0, 9.14, 0.00, 0.00, -0.47, -0.47, -18950.17
0, 9.13, -0.40, 0.00, -0.47, -0.07, -18954.65
22, 9.11, -0.01, 0.00, -0.47, -0.46, -18956.06
91, 9.08, -0.15, 0.00, -0.47, -0.32, -18958.26
124, 9.04, -0.18, 0.00, -0.47, -0.29, -18959.58
125, 9.08, 0.50, 0.00, -0.47, -0.98, -18966.56
126, 9.09, 0.33, 0.00, -0.47, -0.80, -18973.17
126, 9.11, -0.61, 0.00, -0.47, 0.14, -18980.96
126, 9.12, -0.02, 0.00, 0.00, 0.02, -18981.25
126, 9.08, -1.16, 0.00, -0.47, 0.69, -18984.28
126, 9.14, -0.25, 0.00, -0.47, -0.22, -18993.47
127, 9.23, 3.17, 0.00, -0.47, -3.64, -19000.35
150, 9.12, -1.46, 0.00, -0.47, 0.99, -19002.62
172, 9.16, 1.49, 0.00, -0.47, -1.96, -19005.89
183, 9.10, -1.28, 0.00, -0.47, 0.81, -19009.91
192, 9.13, -0.35, 0.00, -0.47, -0.12, -19016.22
185, 9.38, 5.48, 0.00, -0.47, -5.95, -19033.79
126, 9.72, -1.73, 0.00, -0.47, 1.26, -19086.57
126, 9.60, -2.19, 0.00, -0.47, 1.71, -19080.23
126, 9.65, 0.61, 0.00, -0.47, -1.08, -19084.40
126, 9.02, -10.27, 1.00, -0.47, 9.79, -19048.26
126, 9.18, 0.91, 0.00, -0.47, -1.38, -19047.22
126, 9.16, -0.04, 0.00, -0.47, -0.43, -19051.21
126, 9.17, -0.37, 0.00, -0.47, -0.10, -19057.69
0, 9.19, -0.18, 0.00, -0.47, -0.29, -19064.30
0, 9.23, -0.80, 0.00, -0.47, 0.33, -19074.16
0, 9.22, -0.51, 0.00, -0.47, 0.04, -19077.38
0, 9.18, -0.58, 0.00, 0.00, 0.58, -19073.16
0, 9.13, -0.56, 0.00, 0.00, 0.56, -19068.81
0, 9.10, -0.01, 0.00, 0.00, 0.01, -19064.70
0, 9.07, -0.31, 0.00, 0.00, 0.31, -19061.45
0, 9.04, -0.09, 0.00, 0.00, 0.09, -19058.37
0, 9.01, -0.38, 0.00, 0.00, 0.38, -19055.77
0, 8.99, -0.16, 0.00, 0.00, 0.16, -19053.40
0, 8.95, -0.38, 0.00, 0.00, 0.38, -19050.57
0, 8.94, -0.18, 0.00, 0.00, 0.18, -19048.99
0, 8.93, -0.12, 0.00, 0.00, 0.12, -19047.62
0, 8.92, -0.08, 0.00, 0.00, 0.08, -19046.30
0, 8.91, -0.03, 0.00, 0.00, 0.03, -19045.67
0, 8.91, -0.02, 0.00, 0.00, 0.02, -19044.99
0, 8.90, -0.00, 0.00, 0.00, 0.00, -19044.36
0, 8.89, -0.02, 0.00, 0.00, 0.02, -19043.75
0, 8.89, -0.05, 0.00, 0.00, 0.05, -19043.11
0, 8.88, -0.07, 0.00, 0.00, 0.07, -19042.51
0, 8.88, 0.00, 0.00, 0.00, -0.00